[{"id":"user-image-646094.png","publicUrl":"np://user.desktop.nicepage.com/Site_116048166/images/646094.png","size":2920,"hash":"D4R2eI+UniH8DFN5GIjVyvdbvvY=","fileName":"646094.png","name":"646094","width":128,"height":128,"thumbnail":{"url":"np://user.desktop.nicepage.com/Site_116048166/images/thumbnails/646094.png","width":128,"height":128,"length":2920,"type":"png"},"folderId":null,"usages":[]},{"id":"user-image-2838912.png","publicUrl":"np://user.desktop.nicepage.com/Site_116048166/images/2838912.png","size":3309,"hash":"h7/HH/0ZvnQq2pA81c0JVoTZC3o=","fileName":"2838912.png","name":"2838912","width":128,"height":128,"thumbnail":{"url":"np://user.desktop.nicepage.com/Site_116048166/images/thumbnails/2838912.png","width":128,"height":128,"length":3309,"type":"png"},"folderId":null,"usages":[]},{"id":"user-image-text1-2.svg","publicUrl":"np://user.desktop.nicepage.com/Site_116048166/images/text1-2.svg","size":51243,"hash":"95VDlG+KRY4TuQ791xKz9cd41mI=","fileName":"text1-2.svg","name":"text1-2","width":236,"height":126,"thumbnail":{"url":"np://user.desktop.nicepage.com/Site_116048166/images/thumbnails/text1-2.svg","width":236,"height":126,"length":51243,"type":"svg"},"folderId":null,"usages":[]},{"id":"user-image-rect1-1.svg","publicUrl":"np://user.desktop.nicepage.com/Site_116048166/images/rect1-1.svg","size":2705,"hash":"ySD1LN4ghMX2Q+JjLyODgL45q0o=","fileName":"rect1-1.svg","name":"rect1-1","width":48,"height":67,"thumbnail":{"url":"np://user.desktop.nicepage.com/Site_116048166/images/thumbnails/rect1-1.svg","width":48,"height":67,"length":2705,"type":"svg"},"folderId":null,"usages":["54604888"]},{"id":"user-image-rect1-1-8.svg","publicUrl":"np://user.desktop.nicepage.com/Site_116048166/images/rect1-1-8.svg","size":2718,"hash":"/OMNEkHd9HeKwbKhzI5tSikXiyg=","fileName":"rect1-1-8.svg","name":"rect1-1-8","width":48,"height":67,"thumbnail":{"url":"np://user.desktop.nicepage.com/Site_116048166/images/thumbnails/rect1-1-8.svg","width":48,"height":67,"length":2718,"type":"svg"},"folderId":null,"usages":["54604888"]},{"id":"user-image-rect1-1-8-9.svg","publicUrl":"np://user.desktop.nicepage.com/Site_116048166/images/rect1-1-8-9.svg","size":2729,"hash":"6QMfsA+dg8LRNAFfU8TSDAkA7v4=","fileName":"rect1-1-8-9.svg","name":"rect1-1-8-9","width":48,"height":67,"thumbnail":{"url":"np://user.desktop.nicepage.com/Site_116048166/images/thumbnails/rect1-1-8-9.svg","width":48,"height":67,"length":2729,"type":"svg"},"folderId":null,"usages":["54604888"]},{"id":"user-image-rect1-1-8-9-1.svg","publicUrl":"np://user.desktop.nicepage.com/Site_116048166/images/rect1-1-8-9-1.svg","size":2916,"hash":"lGiVtuDP7T45VJ7VIQVy024SlFg=","fileName":"rect1-1-8-9-1.svg","name":"rect1-1-8-9-1","width":48,"height":67,"thumbnail":{"url":"np://user.desktop.nicepage.com/Site_116048166/images/thumbnails/rect1-1-8-9-1.svg","width":48,"height":67,"length":2916,"type":"svg"},"folderId":null,"usages":["54604888"]},{"id":"user-image-rectA11.svg","publicUrl":"np://user.desktop.nicepage.com/Site_116048166/images/rectA11.svg","size":2711,"hash":"RMlurz5wcqyAPxiBLD2tLMMfq50=","fileName":"rectA11.svg","name":"rectA11","width":48,"height":67,"thumbnail":{"url":"np://user.desktop.nicepage.com/Site_116048166/images/thumbnails/rectA11.svg","width":48,"height":67,"length":2711,"type":"svg"},"folderId":null,"usages":["54604888"]},{"id":"user-image-rectct.svg","publicUrl":"np://user.desktop.nicepage.com/Site_116048166/images/rectct.svg","size":1674,"hash":"hFn2LrvNpHvWZiIJW62eegfCBfI=","fileName":"rectct.svg","name":"rectct","width":48,"height":67,"thumbnail":{"url":"np://user.desktop.nicepage.com/Site_116048166/images/thumbnails/rectct.svg","width":48,"height":67,"length":1674,"type":"svg"},"folderId":null,"usages":["54604888"]},{"id":"user-image-IMG-20240724-WA0013.jpg","publicUrl":"np://user.desktop.nicepage.com/Site_116048166/images/IMG-20240724-WA0013.jpg","size":203147,"hash":"HG19qjRfoob85uYXKkfFJ75EO3Y=","fileName":"IMG-20240724-WA0013.jpg","name":"IMG-20240724-WA0013","width":1536,"height":2048,"thumbnail":{"url":"np://user.desktop.nicepage.com/Site_116048166/images/thumbnails/IMG-20240724-WA0013.jpg","width":188,"height":250},"folderId":null,"usages":["2019813558"]},{"id":"user-image-IMG-20241101-WA00051.jpg","publicUrl":"np://user.desktop.nicepage.com/Site_116048166/images/IMG-20241101-WA00051.jpg","size":213194,"hash":"eKIsgyF0AEfw03tJkAhdUV4t+5Q=","fileName":"IMG-20241101-WA00051.jpg","name":"IMG-20241101-WA00051","width":720,"height":838,"thumbnail":{"url":"np://user.desktop.nicepage.com/Site_116048166/images/thumbnails/IMG-20241101-WA00051.jpg","width":215,"height":250},"folderId":null,"usages":["2019813558"]},{"id":"user-image-453300427_122141949422275126_3870292914383797660_n.jpg","publicUrl":"np://user.desktop.nicepage.com/Site_116048166/images/453300427_122141949422275126_3870292914383797660_n.jpg","size":285444,"hash":"twm+dKrCXmZrsgSvWYGTE3SSGx0=","fileName":"453300427_122141949422275126_3870292914383797660_n.jpg","name":"453300427_122141949422275126_3870292914383797660_n","width":1081,"height":1920,"thumbnail":{"url":"np://user.desktop.nicepage.com/Site_116048166/images/thumbnails/453300427_122141949422275126_3870292914383797660_n.jpg","width":141,"height":250},"folderId":null,"usages":["2019813558","3762778"]},{"id":"user-image-457094376_122150211416275126_7557458836057300216_n.jpg","publicUrl":"np://user.desktop.nicepage.com/Site_116048166/images/457094376_122150211416275126_7557458836057300216_n.jpg","size":195237,"hash":"M/b2OfV8miI1zHrpHcWCpMfblwI=","fileName":"457094376_122150211416275126_7557458836057300216_n.jpg","name":"457094376_122150211416275126_7557458836057300216_n","width":1081,"height":1920,"thumbnail":{"url":"np://user.desktop.nicepage.com/Site_116048166/images/thumbnails/457094376_122150211416275126_7557458836057300216_n.jpg","width":141,"height":250},"folderId":null,"usages":["2019813558"]},{"id":"user-image-466615144_122163276698275126_5165987448684716465_n.jpg","publicUrl":"np://user.desktop.nicepage.com/Site_116048166/images/466615144_122163276698275126_5165987448684716465_n.jpg","size":377109,"hash":"TohZIhbpT21VjWai8fiwDS6m/Dg=","fileName":"466615144_122163276698275126_5165987448684716465_n.jpg","name":"466615144_122163276698275126_5165987448684716465_n","width":1440,"height":1440,"thumbnail":{"url":"np://user.desktop.nicepage.com/Site_116048166/images/thumbnails/466615144_122163276698275126_5165987448684716465_n.jpg","width":250,"height":250},"folderId":null,"usages":["2019813558","56013363"]},{"id":"user-image-8971659.png","publicUrl":"np://user.desktop.nicepage.com/Site_116048166/images/8971659.png","size":4902,"hash":"kPYusqlU5tET81UMiyEY2JTcQ1Y=","fileName":"8971659.png","name":"8971659","width":128,"height":128,"thumbnail":{"url":"np://user.desktop.nicepage.com/Site_116048166/images/thumbnails/8971659.png","width":128,"height":128,"length":4902,"type":"png"},"folderId":null,"usages":["2019813558"]},{"id":"user-image-109627.png","publicUrl":"np://user.desktop.nicepage.com/Site_116048166/images/109627.png","size":2324,"hash":"NhKom3MhvMnf/qHpO6lKrAXB2E8=","fileName":"109627.png","name":"109627","width":128,"height":128,"thumbnail":{"url":"np://user.desktop.nicepage.com/Site_116048166/images/thumbnails/109627.png","width":128,"height":128,"length":2324,"type":"png"},"folderId":null,"usages":["2019813558"]},{"id":"user-image-751463.png","publicUrl":"np://user.desktop.nicepage.com/Site_116048166/images/751463.png","size":4323,"hash":"4zgaxXN8rHSmT652tQ671wyOXqY=","fileName":"751463.png","name":"751463","width":128,"height":128,"thumbnail":{"url":"np://user.desktop.nicepage.com/Site_116048166/images/thumbnails/751463.png","width":128,"height":128,"length":4323,"type":"png"},"folderId":null,"usages":["2019813558"]},{"id":"user-image-1758455.png","publicUrl":"np://user.desktop.nicepage.com/Site_116048166/images/1758455.png","size":3489,"hash":"C4eFeT063r6au8LhCtYSAa1BaD4=","fileName":"1758455.png","name":"1758455","width":128,"height":128,"thumbnail":{"url":"np://user.desktop.nicepage.com/Site_116048166/images/thumbnails/1758455.png","width":128,"height":128,"length":3489,"type":"png"},"folderId":null,"usages":["2019813558"]},{"id":"user-image-1016562.png","publicUrl":"np://user.desktop.nicepage.com/Site_116048166/images/1016562.png","size":4224,"hash":"Z2qwupQpT4jBdNAtlNB2vWMqiKU=","fileName":"1016562.png","name":"1016562","width":128,"height":128,"thumbnail":{"url":"np://user.desktop.nicepage.com/Site_116048166/images/thumbnails/1016562.png","width":128,"height":128,"length":4224,"type":"png"},"folderId":null,"usages":["2019813558"]},{"id":"user-image-1998342.png","publicUrl":"np://user.desktop.nicepage.com/Site_116048166/images/1998342.png","size":3844,"hash":"JCcNkKJBfA65cWHwsqhfeH66Eno=","fileName":"1998342.png","name":"1998342","width":128,"height":128,"thumbnail":{"url":"np://user.desktop.nicepage.com/Site_116048166/images/thumbnails/1998342.png","width":128,"height":128,"length":3844,"type":"png"},"folderId":null,"usages":["2019813558"]},{"id":"user-image-464750989_915890843288102_6791001878932480737_n.jpg","publicUrl":"np://user.desktop.nicepage.com/Site_116048166/images/464750989_915890843288102_6791001878932480737_n.jpg","size":42414,"hash":"4L561NhZXhp+2wlsw00FPY3kZNk=","fileName":"464750989_915890843288102_6791001878932480737_n.jpg","name":"464750989_915890843288102_6791001878932480737_n","width":540,"height":540,"thumbnail":{"url":"np://user.desktop.nicepage.com/Site_116048166/images/thumbnails/464750989_915890843288102_6791001878932480737_n.jpg","width":250,"height":250},"folderId":null,"usages":["3762778","56013363"]},{"id":"user-image-466419127_1554635095161096_2594509037091655115_n.jpg","publicUrl":"np://user.desktop.nicepage.com/Site_116048166/images/466419127_1554635095161096_2594509037091655115_n.jpg","size":40407,"hash":"3/SwtMEhuftgTI6DO7SI4+LDhcQ=","fileName":"466419127_1554635095161096_2594509037091655115_n.jpg","name":"466419127_1554635095161096_2594509037091655115_n","width":540,"height":540,"thumbnail":{"url":"np://user.desktop.nicepage.com/Site_116048166/images/thumbnails/466419127_1554635095161096_2594509037091655115_n.jpg","width":250,"height":250},"folderId":null,"usages":["3762778"]},{"id":"user-image-IMG-20241006-WA0000.jpg","publicUrl":"np://user.desktop.nicepage.com/Site_116048166/images/IMG-20241006-WA0000.jpg","size":507253,"hash":"cfsL1rJvuyaya6bkz3yFN5c1IJw=","fileName":"IMG-20241006-WA0000.jpg","name":"IMG-20241006-WA0000","width":1500,"height":2000,"thumbnail":{"url":"np://user.desktop.nicepage.com/Site_116048166/images/thumbnails/IMG-20241006-WA0000.jpg","width":188,"height":250},"folderId":null,"usages":["2019813558"]},{"id":"user-image-31945787_1668473006576005_8426821591047864320_n.jpg","publicUrl":"np://user.desktop.nicepage.com/Site_116048166/images/31945787_1668473006576005_8426821591047864320_n.jpg","size":271117,"hash":"lHKhQnbh8YcaasJyAwwI1a+pAGk=","fileName":"31945787_1668473006576005_8426821591047864320_n.jpg","name":"31945787_1668473006576005_8426821591047864320_n","width":1440,"height":1440,"thumbnail":{"url":"np://user.desktop.nicepage.com/Site_116048166/images/thumbnails/31945787_1668473006576005_8426821591047864320_n.jpg","width":250,"height":250},"folderId":null,"usages":["3762778"]},{"id":"user-image-pexels-august-de-richelieu-4427620.jpg","publicUrl":"np://user.desktop.nicepage.com/Site_116048166/images/pexels-august-de-richelieu-4427620.jpg","size":587646,"hash":"fViJsWoRfHuCBDXWJh4cdjIvWRQ=","fileName":"pexels-august-de-richelieu-4427620.jpg","name":"pexels-august-de-richelieu-4427620","width":1281,"height":1920,"thumbnail":{"url":"np://user.desktop.nicepage.com/Site_116048166/images/thumbnails/pexels-august-de-richelieu-4427620.jpg","width":167,"height":250},"folderId":null,"originalUrl":"https://assets.nicepagecdn.com/11a8ddce/6307076/images/pexels-august-de-richelieu-4427620.jpg","usages":["2019813558"]},{"id":"user-image-____.png","publicUrl":"np://user.desktop.nicepage.com/Site_116048166/images/____.png","size":11962,"hash":"q0s1Eb4IiywchdtIJud1QbuI1bo=","fileName":"____.png","name":"____","width":764,"height":285,"thumbnail":{"url":"np://user.desktop.nicepage.com/Site_116048166/images/thumbnails/____.png","width":250,"height":93},"folderId":null,"originalUrl":"https://assets.nicepagecdn.com/11a8ddce/6307076/images/____.png","usages":["3762778"]},{"id":"user-image-favicon.svg","publicUrl":"np://user.desktop.nicepage.com/Site_116048166/images/favicon.svg","size":32744,"hash":"ImYH2XYQ6yTO8A8DAC3SMSCYUIU=","fileName":"favicon.svg","name":"favicon","width":236,"height":85,"thumbnail":{"url":"np://user.desktop.nicepage.com/Site_116048166/images/thumbnails/favicon.svg","width":236,"height":85,"length":32744,"type":"svg"},"folderId":null,"usages":[]}]