[{"id":1860128212,"title":"Blog Template","order":1,"templateKey":"blog","customTemplate":false,"customTemplateFilename":null,"pageLinks":[],"dateCreated":"2024-12-28T12:38:05.993Z","dateUpdated":"2024-12-28T12:38:07.726Z","folderId":null,"pageName":"Blog Template","serverPageId":null,"sectionCount":1,"status":2,"backwardUrl":null},{"id":1223913656,"title":"Post Template","order":2,"templateKey":"post","customTemplate":false,"customTemplateFilename":null,"pageLinks":[],"dateCreated":"2024-12-28T12:38:06.129Z","dateUpdated":"2024-12-28T12:38:07.726Z","folderId":null,"pageName":"Post Template","serverPageId":null,"sectionCount":1,"status":2,"backwardUrl":null},{"id":1928101005,"title":"Product List Template","order":3,"templateKey":"products","customTemplate":false,"customTemplateFilename":null,"pageLinks":[],"dateCreated":"2024-12-28T12:38:06.284Z","dateUpdated":"2024-12-28T12:38:07.726Z","folderId":null,"pageName":"Product List Template","serverPageId":null,"sectionCount":1,"status":2,"backwardUrl":null},{"id":142816474,"title":"Product Details Template","order":4,"templateKey":"product","customTemplate":false,"customTemplateFilename":null,"pageLinks":[],"dateCreated":"2024-12-28T12:38:06.436Z","dateUpdated":"2024-12-28T12:38:07.726Z","folderId":null,"pageName":"Product Details Template","serverPageId":null,"sectionCount":1,"status":2,"backwardUrl":null},{"id":25405518,"title":"Shopping Cart Template","order":5,"templateKey":"cart","customTemplate":false,"customTemplateFilename":null,"pageLinks":[],"dateCreated":"2024-12-28T12:38:06.577Z","dateUpdated":"2024-12-28T12:38:07.726Z","folderId":null,"pageName":"Shopping Cart Template","serverPageId":null,"sectionCount":1,"status":2,"backwardUrl":null},{"id":2305518862,"title":"Checkout Template","order":6,"templateKey":"checkout","customTemplate":false,"customTemplateFilename":null,"pageLinks":[],"dateCreated":"2024-12-28T12:38:06.754Z","dateUpdated":"2024-12-28T12:38:07.727Z","folderId":null,"pageName":"Checkout Template","serverPageId":null,"sectionCount":1,"status":2,"backwardUrl":null},{"id":1546018511,"title":"Login Template","order":7,"templateKey":"login","customTemplate":false,"customTemplateFilename":null,"pageLinks":[],"dateCreated":"2024-12-28T12:38:06.868Z","dateUpdated":"2024-12-28T12:38:07.727Z","folderId":null,"pageName":"Login Template","serverPageId":null,"sectionCount":1,"status":2,"backwardUrl":null},{"id":2107828823,"title":"Search Page Template","order":8,"templateKey":"Search","customTemplate":false,"customTemplateFilename":null,"pageLinks":[],"dateCreated":"2024-12-28T12:38:06.949Z","dateUpdated":"2024-12-28T12:38:07.727Z","folderId":null,"pageName":"Search Page Template","serverPageId":null,"sectionCount":1,"status":2,"backwardUrl":null},{"id":85103414,"title":"Page Password Template","order":9,"templateKey":"password","customTemplate":false,"customTemplateFilename":null,"pageLinks":[],"dateCreated":"2024-12-28T12:38:07.041Z","dateUpdated":"2024-12-28T12:38:07.727Z","folderId":null,"pageName":"Page Password Template","serverPageId":null,"sectionCount":1,"status":2,"backwardUrl":null},{"id":196378557,"title":"404 Not Found Template","order":10,"templateKey":"404","customTemplate":false,"customTemplateFilename":null,"pageLinks":[],"dateCreated":"2024-12-28T12:38:07.191Z","dateUpdated":"2024-12-28T12:38:07.727Z","folderId":null,"pageName":"404 Not Found Template","serverPageId":null,"sectionCount":1,"status":2,"backwardUrl":null},{"id":27708727,"title":"Thank You Page Template","order":11,"templateKey":"ThankYou","customTemplate":false,"customTemplateFilename":null,"pageLinks":[],"dateCreated":"2024-12-28T12:38:07.267Z","dateUpdated":"2024-12-28T12:38:07.727Z","folderId":null,"pageName":"Thank You Page Template","serverPageId":null,"sectionCount":1,"status":2,"backwardUrl":null},{"id":3762778,"title":"Home","order":50,"templateKey":null,"customTemplate":false,"customTemplateFilename":null,"pageLinks":["3762778"],"dateCreated":"2024-12-28T12:38:24.676Z","dateUpdated":"2024-12-30T14:57:37.760Z","folderId":null,"pageName":"Home_3762778","serverPageId":null,"sectionCount":3,"status":2,"backwardUrl":null},{"id":56013363,"title":"Portfolio","order":100,"templateKey":null,"customTemplate":false,"customTemplateFilename":null,"pageLinks":["3762778"],"dateCreated":"2024-12-28T12:38:07.322Z","dateUpdated":"2024-12-30T15:20:06.331Z","folderId":null,"pageName":"Portfolio_56013363","serverPageId":null,"sectionCount":2,"status":2,"backwardUrl":null},{"id":2019813558,"title":"Guidelines","order":101,"templateKey":null,"customTemplate":false,"customTemplateFilename":null,"pageLinks":["3762778"],"dateCreated":"2024-12-28T12:38:07.371Z","dateUpdated":"2024-12-30T15:16:17.825Z","folderId":null,"pageName":"Guidelines_2019813558","serverPageId":null,"sectionCount":5,"status":2,"backwardUrl":null},{"id":54604888,"title":"Pricing","order":102,"templateKey":null,"customTemplate":false,"customTemplateFilename":null,"pageLinks":["3762778"],"dateCreated":"2024-12-28T15:46:07.406Z","dateUpdated":"2024-12-30T15:20:58.537Z","folderId":null,"pageName":"Pricing_54604888","serverPageId":null,"sectionCount":4,"status":2,"backwardUrl":null}]